ID,Question,Answer,Keywords
1,What is the role of Artificial Intelligence in modern technology? (Scenario 1),"The concept of Artificial Intelligence helps computers perform tasks that normally require human intelligence.
It is widely used in healthcare, finance, education, and transportation systems.
The technology improves accuracy and reduces manual effort in many operations.
Most systems use data, algorithms, and computing power to achieve better results.
Beginners often learn the basic models before moving to advanced techniques.
Real-world applications include recommendation systems and predictive analytics.
The field continues to grow because organizations want faster and smarter solutions.
Developers also focus on improving efficiency, reliability, and scalability.
Ethical use and responsible development are important considerations in this area.
Understanding Artificial Intelligence helps beginners build stronger knowledge in modern AI systems.","algorithms, reasoning, decision making, intelligent systems, robotics, AI"
2,How does Machine Learning improve decision-making systems? (Scenario 2),"Machine Learning allows machines to analyze information and identify useful patterns.
It helps businesses automate repetitive and time-consuming tasks effectively.
The process usually starts with collecting and preparing high-quality data.
Algorithms then learn from examples to make predictions or classifications.
The technology can improve productivity and reduce operational costs.
Many companies apply it in customer support, security, and analytics.
Understanding model performance is important for building reliable systems.
Experts also monitor fairness and transparency during development.
Continuous learning and updates help systems remain accurate over time.
Understanding Machine Learning helps beginners build stronger knowledge in modern AI systems.","model accuracy, machine learning, features, training data, prediction, supervised learning"
3,Why is Deep Learning important in real-world applications? (Scenario 3),"The main purpose of Deep Learning is to solve complex problems using intelligent methods.
It combines mathematical models, programming, and data analysis techniques.
Many systems rely on training data to improve performance automatically.
The technology is useful for recognizing images, speech, and text.
Engineers test and evaluate models before deploying them into production.
Good quality data often leads to more accurate and stable predictions.
Organizations use these systems to support faster business decisions.
Security, privacy, and bias management are also important concerns.
As technology evolves, researchers continue to develop more efficient approaches.
Understanding Deep Learning helps beginners build stronger knowledge in modern AI systems.","training, feature extraction, big data, deep learning, AI models, layers"
4,Explain the working process of Natural Language Processing. (Scenario 4),"The concept of Natural Language Processing helps computers perform tasks that normally require human intelligence.
It is widely used in healthcare, finance, education, and transportation systems.
The technology improves accuracy and reduces manual effort in many operations.
Most systems use data, algorithms, and computing power to achieve better results.
Beginners often learn the basic models before moving to advanced techniques.
Real-world applications include recommendation systems and predictive analytics.
The field continues to grow because organizations want faster and smarter solutions.
Developers also focus on improving efficiency, reliability, and scalability.
Ethical use and responsible development are important considerations in this area.
Understanding Natural Language Processing helps beginners build stronger knowledge in modern AI systems.","tokenization, NLP, sentiment analysis, language model, chatbots, translation"
5,What are the main advantages of Neural Networks? (Scenario 5),"Neural Networks allows machines to analyze information and identify useful patterns.
It helps businesses automate repetitive and time-consuming tasks effectively.
The process usually starts with collecting and preparing high-quality data.
Algorithms then learn from examples to make predictions or classifications.
The technology can improve productivity and reduce operational costs.
Many companies apply it in customer support, security, and analytics.
Understanding model performance is important for building reliable systems.
Experts also monitor fairness and transparency during development.
Continuous learning and updates help systems remain accurate over time.
Understanding Neural Networks helps beginners build stronger knowledge in modern AI systems.","network layers, deep networks, neurons, activation function, backpropagation, weights"
6,How is Data Science used in industry today? (Scenario 6),"The main purpose of Data Science is to solve complex problems using intelligent methods.
It combines mathematical models, programming, and data analysis techniques.
Many systems rely on training data to improve performance automatically.
The technology is useful for recognizing images, speech, and text.
Engineers test and evaluate models before deploying them into production.
Good quality data often leads to more accurate and stable predictions.
Organizations use these systems to support faster business decisions.
Security, privacy, and bias management are also important concerns.
As technology evolves, researchers continue to develop more efficient approaches.
Understanding Data Science helps beginners build stronger knowledge in modern AI systems.","insights, data analysis, visualization, analytics, data cleaning, statistics"
7,What challenges are associated with Generative AI? (Scenario 7),"The concept of Generative AI helps computers perform tasks that normally require human intelligence.
It is widely used in healthcare, finance, education, and transportation systems.
The technology improves accuracy and reduces manual effort in many operations.
Most systems use data, algorithms, and computing power to achieve better results.
Beginners often learn the basic models before moving to advanced techniques.
Real-world applications include recommendation systems and predictive analytics.
The field continues to grow because organizations want faster and smarter solutions.
Developers also focus on improving efficiency, reliability, and scalability.
Ethical use and responsible development are important considerations in this area.
Understanding Generative AI helps beginners build stronger knowledge in modern AI systems.","prompt engineering, transformers, generative AI, creativity, image generation, LLMs"
8,How does AI Ethics support intelligent automation? (Scenario 8),"AI Ethics allows machines to analyze information and identify useful patterns.
It helps businesses automate repetitive and time-consuming tasks effectively.
The process usually starts with collecting and preparing high-quality data.
Algorithms then learn from examples to make predictions or classifications.
The technology can improve productivity and reduce operational costs.
Many companies apply it in customer support, security, and analytics.
Understanding model performance is important for building reliable systems.
Experts also monitor fairness and transparency during development.
Continuous learning and updates help systems remain accurate over time.
Understanding AI Ethics helps beginners build stronger knowledge in modern AI systems.","fairness, privacy, responsible AI, bias, transparency, governance"
9,What are the core components of Automation? (Scenario 9),"The main purpose of Automation is to solve complex problems using intelligent methods.
It combines mathematical models, programming, and data analysis techniques.
Many systems rely on training data to improve performance automatically.
The technology is useful for recognizing images, speech, and text.
Engineers test and evaluate models before deploying them into production.
Good quality data often leads to more accurate and stable predictions.
Organizations use these systems to support faster business decisions.
Security, privacy, and bias management are also important concerns.
As technology evolves, researchers continue to develop more efficient approaches.
Understanding Automation helps beginners build stronger knowledge in modern AI systems.","smart systems, workflow automation, RPA, optimization, efficiency, productivity"
10,Why do developers use Computer Vision in AI projects? (Scenario 10),"The concept of Computer Vision helps computers perform tasks that normally require human intelligence.
It is widely used in healthcare, finance, education, and transportation systems.
The technology improves accuracy and reduces manual effort in many operations.
Most systems use data, algorithms, and computing power to achieve better results.
Beginners often learn the basic models before moving to advanced techniques.
Real-world applications include recommendation systems and predictive analytics.
The field continues to grow because organizations want faster and smarter solutions.
Developers also focus on improving efficiency, reliability, and scalability.
Ethical use and responsible development are important considerations in this area.
Understanding Computer Vision helps beginners build stronger knowledge in modern AI systems.","object detection, segmentation, video analysis, visual data, CNN, pattern recognition"
11,What is the role of Python for AI in modern technology? (Scenario 11),"Python for AI allows machines to analyze information and identify useful patterns.
It helps businesses automate repetitive and time-consuming tasks effectively.
The process usually starts with collecting and preparing high-quality data.
Algorithms then learn from examples to make predictions or classifications.
The technology can improve productivity and reduce operational costs.
Many companies apply it in customer support, security, and analytics.
Understanding model performance is important for building reliable systems.
Experts also monitor fairness and transparency during development.
Continuous learning and updates help systems remain accurate over time.
Understanding Python for AI helps beginners build stronger knowledge in modern AI systems.","automation, AI libraries, Python, TensorFlow, Pandas, NumPy"
12,How does AI Applications improve decision-making systems? (Scenario 12),"The main purpose of AI Applications is to solve complex problems using intelligent methods.
It combines mathematical models, programming, and data analysis techniques.
Many systems rely on training data to improve performance automatically.
The technology is useful for recognizing images, speech, and text.
Engineers test and evaluate models before deploying them into production.
Good quality data often leads to more accurate and stable predictions.
Organizations use these systems to support faster business decisions.
Security, privacy, and bias management are also important concerns.
As technology evolves, researchers continue to develop more efficient approaches.
Understanding AI Applications helps beginners build stronger knowledge in modern AI systems.","recommendation systems, education, healthcare AI, smart assistants, finance AI, industry"
13,Why is Artificial Intelligence important in real-world applications? (Scenario 13),"The concept of Artificial Intelligence helps computers perform tasks that normally require human intelligence.
It is widely used in healthcare, finance, education, and transportation systems.
The technology improves accuracy and reduces manual effort in many operations.
Most systems use data, algorithms, and computing power to achieve better results.
Beginners often learn the basic models before moving to advanced techniques.
Real-world applications include recommendation systems and predictive analytics.
The field continues to grow because organizations want faster and smarter solutions.
Developers also focus on improving efficiency, reliability, and scalability.
Ethical use and responsible development are important considerations in this area.
Understanding Artificial Intelligence helps beginners build stronger knowledge in modern AI systems.","algorithms, intelligent systems, decision making, AI, automation, reasoning"
14,Explain the working process of Machine Learning. (Scenario 14),"Machine Learning allows machines to analyze information and identify useful patterns.
It helps businesses automate repetitive and time-consuming tasks effectively.
The process usually starts with collecting and preparing high-quality data.
Algorithms then learn from examples to make predictions or classifications.
The technology can improve productivity and reduce operational costs.
Many companies apply it in customer support, security, and analytics.
Understanding model performance is important for building reliable systems.
Experts also monitor fairness and transparency during development.
Continuous learning and updates help systems remain accurate over time.
Understanding Machine Learning helps beginners build stronger knowledge in modern AI systems.","supervised learning, machine learning, model accuracy, classification, training data, prediction"
15,What are the main advantages of Deep Learning? (Scenario 15),"The main purpose of Deep Learning is to solve complex problems using intelligent methods.
It combines mathematical models, programming, and data analysis techniques.
Many systems rely on training data to improve performance automatically.
The technology is useful for recognizing images, speech, and text.
Engineers test and evaluate models before deploying them into production.
Good quality data often leads to more accurate and stable predictions.
Organizations use these systems to support faster business decisions.
Security, privacy, and bias management are also important concerns.
As technology evolves, researchers continue to develop more efficient approaches.
Understanding Deep Learning helps beginners build stronger knowledge in modern AI systems.","neural models, layers, deep learning, training, big data, AI models"
16,How is Natural Language Processing used in industry today? (Scenario 16),"The concept of Natural Language Processing helps computers perform tasks that normally require human intelligence.
It is widely used in healthcare, finance, education, and transportation systems.
The technology improves accuracy and reduces manual effort in many operations.
Most systems use data, algorithms, and computing power to achieve better results.
Beginners often learn the basic models before moving to advanced techniques.
Real-world applications include recommendation systems and predictive analytics.
The field continues to grow because organizations want faster and smarter solutions.
Developers also focus on improving efficiency, reliability, and scalability.
Ethical use and responsible development are important considerations in this area.
Understanding Natural Language Processing helps beginners build stronger knowledge in modern AI systems.","NLP, sentiment analysis, text analysis, language model, chatbots, tokenization"
17,What challenges are associated with Neural Networks? (Scenario 17),"Neural Networks allows machines to analyze information and identify useful patterns.
It helps businesses automate repetitive and time-consuming tasks effectively.
The process usually starts with collecting and preparing high-quality data.
Algorithms then learn from examples to make predictions or classifications.
The technology can improve productivity and reduce operational costs.
Many companies apply it in customer support, security, and analytics.
Understanding model performance is important for building reliable systems.
Experts also monitor fairness and transparency during development.
Continuous learning and updates help systems remain accurate over time.
Understanding Neural Networks helps beginners build stronger knowledge in modern AI systems.","deep networks, network layers, activation function, training, backpropagation, neurons"
18,How does Data Science support intelligent automation? (Scenario 18),"The main purpose of Data Science is to solve complex problems using intelligent methods.
It combines mathematical models, programming, and data analysis techniques.
Many systems rely on training data to improve performance automatically.
The technology is useful for recognizing images, speech, and text.
Engineers test and evaluate models before deploying them into production.
Good quality data often leads to more accurate and stable predictions.
Organizations use these systems to support faster business decisions.
Security, privacy, and bias management are also important concerns.
As technology evolves, researchers continue to develop more efficient approaches.
Understanding Data Science helps beginners build stronger knowledge in modern AI systems.","data cleaning, business intelligence, analytics, visualization, statistics, insights"
19,What are the core components of Generative AI? (Scenario 19),"The concept of Generative AI helps computers perform tasks that normally require human intelligence.
It is widely used in healthcare, finance, education, and transportation systems.
The technology improves accuracy and reduces manual effort in many operations.
Most systems use data, algorithms, and computing power to achieve better results.
Beginners often learn the basic models before moving to advanced techniques.
Real-world applications include recommendation systems and predictive analytics.
The field continues to grow because organizations want faster and smarter solutions.
Developers also focus on improving efficiency, reliability, and scalability.
Ethical use and responsible development are important considerations in this area.
Understanding Generative AI helps beginners build stronger knowledge in modern AI systems.","creativity, generative AI, transformers, content creation, image generation, LLMs"
20,Why do developers use AI Ethics in AI projects? (Scenario 20),"AI Ethics allows machines to analyze information and identify useful patterns.
It helps businesses automate repetitive and time-consuming tasks effectively.
The process usually starts with collecting and preparing high-quality data.
Algorithms then learn from examples to make predictions or classifications.
The technology can improve productivity and reduce operational costs.
Many companies apply it in customer support, security, and analytics.
Understanding model performance is important for building reliable systems.
Experts also monitor fairness and transparency during development.
Continuous learning and updates help systems remain accurate over time.
Understanding AI Ethics helps beginners build stronger knowledge in modern AI systems.","transparency, privacy, governance, fairness, responsible AI, bias"
21,What is the role of Automation in modern technology? (Scenario 21),"The main purpose of Automation is to solve complex problems using intelligent methods.
It combines mathematical models, programming, and data analysis techniques.
Many systems rely on training data to improve performance automatically.
The technology is useful for recognizing images, speech, and text.
Engineers test and evaluate models before deploying them into production.
Good quality data often leads to more accurate and stable predictions.
Organizations use these systems to support faster business decisions.
Security, privacy, and bias management are also important concerns.
As technology evolves, researchers continue to develop more efficient approaches.
Understanding Automation helps beginners build stronger knowledge in modern AI systems.","workflow automation, RPA, smart systems, efficiency, automation tools, productivity"
22,How does Computer Vision improve decision-making systems? (Scenario 22),"The concept of Computer Vision helps computers perform tasks that normally require human intelligence.
It is widely used in healthcare, finance, education, and transportation systems.
The technology improves accuracy and reduces manual effort in many operations.
Most systems use data, algorithms, and computing power to achieve better results.
Beginners often learn the basic models before moving to advanced techniques.
Real-world applications include recommendation systems and predictive analytics.
The field continues to grow because organizations want faster and smarter solutions.
Developers also focus on improving efficiency, reliability, and scalability.
Ethical use and responsible development are important considerations in this area.
Understanding Computer Vision helps beginners build stronger knowledge in modern AI systems.","CNN, segmentation, image recognition, pattern recognition, video analysis, object detection"
23,Why is Python for AI important in real-world applications? (Scenario 23),"Python for AI allows machines to analyze information and identify useful patterns.
It helps businesses automate repetitive and time-consuming tasks effectively.
The process usually starts with collecting and preparing high-quality data.
Algorithms then learn from examples to make predictions or classifications.
The technology can improve productivity and reduce operational costs.
Many companies apply it in customer support, security, and analytics.
Understanding model performance is important for building reliable systems.
Experts also monitor fairness and transparency during development.
Continuous learning and updates help systems remain accurate over time.
Understanding Python for AI helps beginners build stronger knowledge in modern AI systems.","TensorFlow, Python, AI libraries, NumPy, Pandas, automation"
24,Explain the working process of AI Applications. (Scenario 24),"The main purpose of AI Applications is to solve complex problems using intelligent methods.
It combines mathematical models, programming, and data analysis techniques.
Many systems rely on training data to improve performance automatically.
The technology is useful for recognizing images, speech, and text.
Engineers test and evaluate models before deploying them into production.
Good quality data often leads to more accurate and stable predictions.
Organizations use these systems to support faster business decisions.
Security, privacy, and bias management are also important concerns.
As technology evolves, researchers continue to develop more efficient approaches.
Understanding AI Applications helps beginners build stronger knowledge in modern AI systems.","healthcare AI, analytics, education, smart assistants, finance AI, recommendation systems"
25,What are the main advantages of Artificial Intelligence? (Scenario 25),"The concept of Artificial Intelligence helps computers perform tasks that normally require human intelligence.
It is widely used in healthcare, finance, education, and transportation systems.
The technology improves accuracy and reduces manual effort in many operations.
Most systems use data, algorithms, and computing power to achieve better results.
Beginners often learn the basic models before moving to advanced techniques.
Real-world applications include recommendation systems and predictive analytics.
The field continues to grow because organizations want faster and smarter solutions.
Developers also focus on improving efficiency, reliability, and scalability.
Ethical use and responsible development are important considerations in this area.
Understanding Artificial Intelligence helps beginners build stronger knowledge in modern AI systems.","intelligent systems, automation, reasoning, AI, robotics, decision making"
26,How is Machine Learning used in industry today? (Scenario 26),"Machine Learning allows machines to analyze information and identify useful patterns.
It helps businesses automate repetitive and time-consuming tasks effectively.
The process usually starts with collecting and preparing high-quality data.
Algorithms then learn from examples to make predictions or classifications.
The technology can improve productivity and reduce operational costs.
Many companies apply it in customer support, security, and analytics.
Understanding model performance is important for building reliable systems.
Experts also monitor fairness and transparency during development.
Continuous learning and updates help systems remain accurate over time.
Understanding Machine Learning helps beginners build stronger knowledge in modern AI systems.","features, model accuracy, supervised learning, prediction, machine learning, classification"
27,What challenges are associated with Deep Learning? (Scenario 27),"The main purpose of Deep Learning is to solve complex problems using intelligent methods.
It combines mathematical models, programming, and data analysis techniques.
Many systems rely on training data to improve performance automatically.
The technology is useful for recognizing images, speech, and text.
Engineers test and evaluate models before deploying them into production.
Good quality data often leads to more accurate and stable predictions.
Organizations use these systems to support faster business decisions.
Security, privacy, and bias management are also important concerns.
As technology evolves, researchers continue to develop more efficient approaches.
Understanding Deep Learning helps beginners build stronger knowledge in modern AI systems.","neural models, deep learning, training, big data, feature extraction, layers"
28,How does Natural Language Processing support intelligent automation? (Scenario 28),"The concept of Natural Language Processing helps computers perform tasks that normally require human intelligence.
It is widely used in healthcare, finance, education, and transportation systems.
The technology improves accuracy and reduces manual effort in many operations.
Most systems use data, algorithms, and computing power to achieve better results.
Beginners often learn the basic models before moving to advanced techniques.
Real-world applications include recommendation systems and predictive analytics.
The field continues to grow because organizations want faster and smarter solutions.
Developers also focus on improving efficiency, reliability, and scalability.
Ethical use and responsible development are important considerations in this area.
Understanding Natural Language Processing helps beginners build stronger knowledge in modern AI systems.","language model, translation, chatbots, NLP, text analysis, tokenization"
29,What are the core components of Neural Networks? (Scenario 29),"Neural Networks allows machines to analyze information and identify useful patterns.
It helps businesses automate repetitive and time-consuming tasks effectively.
The process usually starts with collecting and preparing high-quality data.
Algorithms then learn from examples to make predictions or classifications.
The technology can improve productivity and reduce operational costs.
Many companies apply it in customer support, security, and analytics.
Understanding model performance is important for building reliable systems.
Experts also monitor fairness and transparency during development.
Continuous learning and updates help systems remain accurate over time.
Understanding Neural Networks helps beginners build stronger knowledge in modern AI systems.","training, neurons, network layers, backpropagation, activation function, deep networks"
30,Why do developers use Data Science in AI projects? (Scenario 30),"The main purpose of Data Science is to solve complex problems using intelligent methods.
It combines mathematical models, programming, and data analysis techniques.
Many systems rely on training data to improve performance automatically.
The technology is useful for recognizing images, speech, and text.
Engineers test and evaluate models before deploying them into production.
Good quality data often leads to more accurate and stable predictions.
Organizations use these systems to support faster business decisions.
Security, privacy, and bias management are also important concerns.
As technology evolves, researchers continue to develop more efficient approaches.
Understanding Data Science helps beginners build stronger knowledge in modern AI systems.","visualization, insights, business intelligence, statistics, data cleaning, data analysis"
31,What is the role of Generative AI in modern technology? (Scenario 31),"The concept of Generative AI helps computers perform tasks that normally require human intelligence.
It is widely used in healthcare, finance, education, and transportation systems.
The technology improves accuracy and reduces manual effort in many operations.
Most systems use data, algorithms, and computing power to achieve better results.
Beginners often learn the basic models before moving to advanced techniques.
Real-world applications include recommendation systems and predictive analytics.
The field continues to grow because organizations want faster and smarter solutions.
Developers also focus on improving efficiency, reliability, and scalability.
Ethical use and responsible development are important considerations in this area.
Understanding Generative AI helps beginners build stronger knowledge in modern AI systems.","image generation, creativity, LLMs, prompt engineering, content creation, generative AI"
32,How does AI Ethics improve decision-making systems? (Scenario 32),"AI Ethics allows machines to analyze information and identify useful patterns.
It helps businesses automate repetitive and time-consuming tasks effectively.
The process usually starts with collecting and preparing high-quality data.
Algorithms then learn from examples to make predictions or classifications.
The technology can improve productivity and reduce operational costs.
Many companies apply it in customer support, security, and analytics.
Understanding model performance is important for building reliable systems.
Experts also monitor fairness and transparency during development.
Continuous learning and updates help systems remain accurate over time.
Understanding AI Ethics helps beginners build stronger knowledge in modern AI systems.","privacy, fairness, transparency, responsible AI, security, governance"
33,Why is Automation important in real-world applications? (Scenario 33),"The main purpose of Automation is to solve complex problems using intelligent methods.
It combines mathematical models, programming, and data analysis techniques.
Many systems rely on training data to improve performance automatically.
The technology is useful for recognizing images, speech, and text.
Engineers test and evaluate models before deploying them into production.
Good quality data often leads to more accurate and stable predictions.
Organizations use these systems to support faster business decisions.
Security, privacy, and bias management are also important concerns.
As technology evolves, researchers continue to develop more efficient approaches.
Understanding Automation helps beginners build stronger knowledge in modern AI systems.","smart systems, RPA, productivity, optimization, automation tools, workflow automation"
34,Explain the working process of Computer Vision. (Scenario 34),"The concept of Computer Vision helps computers perform tasks that normally require human intelligence.
It is widely used in healthcare, finance, education, and transportation systems.
The technology improves accuracy and reduces manual effort in many operations.
Most systems use data, algorithms, and computing power to achieve better results.
Beginners often learn the basic models before moving to advanced techniques.
Real-world applications include recommendation systems and predictive analytics.
The field continues to grow because organizations want faster and smarter solutions.
Developers also focus on improving efficiency, reliability, and scalability.
Ethical use and responsible development are important considerations in this area.
Understanding Computer Vision helps beginners build stronger knowledge in modern AI systems.","pattern recognition, image recognition, segmentation, CNN, video analysis, visual data"
35,What are the main advantages of Python for AI? (Scenario 35),"Python for AI allows machines to analyze information and identify useful patterns.
It helps businesses automate repetitive and time-consuming tasks effectively.
The process usually starts with collecting and preparing high-quality data.
Algorithms then learn from examples to make predictions or classifications.
The technology can improve productivity and reduce operational costs.
Many companies apply it in customer support, security, and analytics.
Understanding model performance is important for building reliable systems.
Experts also monitor fairness and transparency during development.
Continuous learning and updates help systems remain accurate over time.
Understanding Python for AI helps beginners build stronger knowledge in modern AI systems.","Pandas, AI libraries, PyTorch, Python, NumPy, TensorFlow"
36,How is AI Applications used in industry today? (Scenario 36),"The main purpose of AI Applications is to solve complex problems using intelligent methods.
It combines mathematical models, programming, and data analysis techniques.
Many systems rely on training data to improve performance automatically.
The technology is useful for recognizing images, speech, and text.
Engineers test and evaluate models before deploying them into production.
Good quality data often leads to more accurate and stable predictions.
Organizations use these systems to support faster business decisions.
Security, privacy, and bias management are also important concerns.
As technology evolves, researchers continue to develop more efficient approaches.
Understanding AI Applications helps beginners build stronger knowledge in modern AI systems.","industry, smart assistants, analytics, healthcare AI, finance AI, recommendation systems"
37,What challenges are associated with Artificial Intelligence? (Scenario 37),"The concept of Artificial Intelligence helps computers perform tasks that normally require human intelligence.
It is widely used in healthcare, finance, education, and transportation systems.
The technology improves accuracy and reduces manual effort in many operations.
Most systems use data, algorithms, and computing power to achieve better results.
Beginners often learn the basic models before moving to advanced techniques.
Real-world applications include recommendation systems and predictive analytics.
The field continues to grow because organizations want faster and smarter solutions.
Developers also focus on improving efficiency, reliability, and scalability.
Ethical use and responsible development are important considerations in this area.
Understanding Artificial Intelligence helps beginners build stronger knowledge in modern AI systems.","intelligent systems, AI, automation, decision making, reasoning, algorithms"
38,How does Machine Learning support intelligent automation? (Scenario 38),"Machine Learning allows machines to analyze information and identify useful patterns.
It helps businesses automate repetitive and time-consuming tasks effectively.
The process usually starts with collecting and preparing high-quality data.
Algorithms then learn from examples to make predictions or classifications.
The technology can improve productivity and reduce operational costs.
Many companies apply it in customer support, security, and analytics.
Understanding model performance is important for building reliable systems.
Experts also monitor fairness and transparency during development.
Continuous learning and updates help systems remain accurate over time.
Understanding Machine Learning helps beginners build stronger knowledge in modern AI systems.","training data, supervised learning, prediction, features, model accuracy, classification"
39,What are the core components of Deep Learning? (Scenario 39),"The main purpose of Deep Learning is to solve complex problems using intelligent methods.
It combines mathematical models, programming, and data analysis techniques.
Many systems rely on training data to improve performance automatically.
The technology is useful for recognizing images, speech, and text.
Engineers test and evaluate models before deploying them into production.
Good quality data often leads to more accurate and stable predictions.
Organizations use these systems to support faster business decisions.
Security, privacy, and bias management are also important concerns.
As technology evolves, researchers continue to develop more efficient approaches.
Understanding Deep Learning helps beginners build stronger knowledge in modern AI systems.","training, big data, deep learning, layers, feature extraction, AI models"
40,Why do developers use Natural Language Processing in AI projects? (Scenario 40),"The concept of Natural Language Processing helps computers perform tasks that normally require human intelligence.
It is widely used in healthcare, finance, education, and transportation systems.
The technology improves accuracy and reduces manual effort in many operations.
Most systems use data, algorithms, and computing power to achieve better results.
Beginners often learn the basic models before moving to advanced techniques.
Real-world applications include recommendation systems and predictive analytics.
The field continues to grow because organizations want faster and smarter solutions.
Developers also focus on improving efficiency, reliability, and scalability.
Ethical use and responsible development are important considerations in this area.
Understanding Natural Language Processing helps beginners build stronger knowledge in modern AI systems.","chatbots, NLP, sentiment analysis, tokenization, translation, language model"
41,What is the role of Neural Networks in modern technology? (Scenario 41),"Neural Networks allows machines to analyze information and identify useful patterns.
It helps businesses automate repetitive and time-consuming tasks effectively.
The process usually starts with collecting and preparing high-quality data.
Algorithms then learn from examples to make predictions or classifications.
The technology can improve productivity and reduce operational costs.
Many companies apply it in customer support, security, and analytics.
Understanding model performance is important for building reliable systems.
Experts also monitor fairness and transparency during development.
Continuous learning and updates help systems remain accurate over time.
Understanding Neural Networks helps beginners build stronger knowledge in modern AI systems.","network layers, deep networks, activation function, backpropagation, weights, training"
42,How does Data Science improve decision-making systems? (Scenario 42),"The main purpose of Data Science is to solve complex problems using intelligent methods.
It combines mathematical models, programming, and data analysis techniques.
Many systems rely on training data to improve performance automatically.
The technology is useful for recognizing images, speech, and text.
Engineers test and evaluate models before deploying them into production.
Good quality data often leads to more accurate and stable predictions.
Organizations use these systems to support faster business decisions.
Security, privacy, and bias management are also important concerns.
As technology evolves, researchers continue to develop more efficient approaches.
Understanding Data Science helps beginners build stronger knowledge in modern AI systems.","statistics, data analysis, analytics, visualization, insights, business intelligence"
43,Why is Generative AI important in real-world applications? (Scenario 43),"The concept of Generative AI helps computers perform tasks that normally require human intelligence.
It is widely used in healthcare, finance, education, and transportation systems.
The technology improves accuracy and reduces manual effort in many operations.
Most systems use data, algorithms, and computing power to achieve better results.
Beginners often learn the basic models before moving to advanced techniques.
Real-world applications include recommendation systems and predictive analytics.
The field continues to grow because organizations want faster and smarter solutions.
Developers also focus on improving efficiency, reliability, and scalability.
Ethical use and responsible development are important considerations in this area.
Understanding Generative AI helps beginners build stronger knowledge in modern AI systems.","LLMs, creativity, content creation, generative AI, image generation, transformers"
44,Explain the working process of AI Ethics. (Scenario 44),"AI Ethics allows machines to analyze information and identify useful patterns.
It helps businesses automate repetitive and time-consuming tasks effectively.
The process usually starts with collecting and preparing high-quality data.
Algorithms then learn from examples to make predictions or classifications.
The technology can improve productivity and reduce operational costs.
Many companies apply it in customer support, security, and analytics.
Understanding model performance is important for building reliable systems.
Experts also monitor fairness and transparency during development.
Continuous learning and updates help systems remain accurate over time.
Understanding AI Ethics helps beginners build stronger knowledge in modern AI systems.","transparency, fairness, bias, responsible AI, governance, privacy"
45,What are the main advantages of Automation? (Scenario 45),"The main purpose of Automation is to solve complex problems using intelligent methods.
It combines mathematical models, programming, and data analysis techniques.
Many systems rely on training data to improve performance automatically.
The technology is useful for recognizing images, speech, and text.
Engineers test and evaluate models before deploying them into production.
Good quality data often leads to more accurate and stable predictions.
Organizations use these systems to support faster business decisions.
Security, privacy, and bias management are also important concerns.
As technology evolves, researchers continue to develop more efficient approaches.
Understanding Automation helps beginners build stronger knowledge in modern AI systems.","workflow automation, efficiency, optimization, smart systems, automation tools, productivity"
46,How is Computer Vision used in industry today? (Scenario 46),"The concept of Computer Vision helps computers perform tasks that normally require human intelligence.
It is widely used in healthcare, finance, education, and transportation systems.
The technology improves accuracy and reduces manual effort in many operations.
Most systems use data, algorithms, and computing power to achieve better results.
Beginners often learn the basic models before moving to advanced techniques.
Real-world applications include recommendation systems and predictive analytics.
The field continues to grow because organizations want faster and smarter solutions.
Developers also focus on improving efficiency, reliability, and scalability.
Ethical use and responsible development are important considerations in this area.
Understanding Computer Vision helps beginners build stronger knowledge in modern AI systems.","visual data, CNN, video analysis, pattern recognition, object detection, segmentation"
47,What challenges are associated with Python for AI? (Scenario 47),"Python for AI allows machines to analyze information and identify useful patterns.
It helps businesses automate repetitive and time-consuming tasks effectively.
The process usually starts with collecting and preparing high-quality data.
Algorithms then learn from examples to make predictions or classifications.
The technology can improve productivity and reduce operational costs.
Many companies apply it in customer support, security, and analytics.
Understanding model performance is important for building reliable systems.
Experts also monitor fairness and transparency during development.
Continuous learning and updates help systems remain accurate over time.
Understanding Python for AI helps beginners build stronger knowledge in modern AI systems.","NumPy, AI libraries, PyTorch, automation, Python, TensorFlow"
48,How does AI Applications support intelligent automation? (Scenario 48),"The main purpose of AI Applications is to solve complex problems using intelligent methods.
It combines mathematical models, programming, and data analysis techniques.
Many systems rely on training data to improve performance automatically.
The technology is useful for recognizing images, speech, and text.
Engineers test and evaluate models before deploying them into production.
Good quality data often leads to more accurate and stable predictions.
Organizations use these systems to support faster business decisions.
Security, privacy, and bias management are also important concerns.
As technology evolves, researchers continue to develop more efficient approaches.
Understanding AI Applications helps beginners build stronger knowledge in modern AI systems.","recommendation systems, education, smart assistants, analytics, healthcare AI, industry"
49,What are the core components of Artificial Intelligence? (Scenario 49),"The concept of Artificial Intelligence helps computers perform tasks that normally require human intelligence.
It is widely used in healthcare, finance, education, and transportation systems.
The technology improves accuracy and reduces manual effort in many operations.
Most systems use data, algorithms, and computing power to achieve better results.
Beginners often learn the basic models before moving to advanced techniques.
Real-world applications include recommendation systems and predictive analytics.
The field continues to grow because organizations want faster and smarter solutions.
Developers also focus on improving efficiency, reliability, and scalability.
Ethical use and responsible development are important considerations in this area.
Understanding Artificial Intelligence helps beginners build stronger knowledge in modern AI systems.","reasoning, decision making, AI, algorithms, intelligent systems, robotics"
50,Why do developers use Machine Learning in AI projects? (Scenario 50),"Machine Learning allows machines to analyze information and identify useful patterns.
It helps businesses automate repetitive and time-consuming tasks effectively.
The process usually starts with collecting and preparing high-quality data.
Algorithms then learn from examples to make predictions or classifications.
The technology can improve productivity and reduce operational costs.
Many companies apply it in customer support, security, and analytics.
Understanding model performance is important for building reliable systems.
Experts also monitor fairness and transparency during development.
Continuous learning and updates help systems remain accurate over time.
Understanding Machine Learning helps beginners build stronger knowledge in modern AI systems.","model accuracy, classification, prediction, supervised learning, features, training data"
51,What is the role of Deep Learning in modern technology? (Scenario 51),"The main purpose of Deep Learning is to solve complex problems using intelligent methods.
It combines mathematical models, programming, and data analysis techniques.
Many systems rely on training data to improve performance automatically.
The technology is useful for recognizing images, speech, and text.
Engineers test and evaluate models before deploying them into production.
Good quality data often leads to more accurate and stable predictions.
Organizations use these systems to support faster business decisions.
Security, privacy, and bias management are also important concerns.
As technology evolves, researchers continue to develop more efficient approaches.
Understanding Deep Learning helps beginners build stronger knowledge in modern AI systems.","feature extraction, training, neural models, layers, deep learning, big data"
52,How does Natural Language Processing improve decision-making systems? (Scenario 52),"The concept of Natural Language Processing helps computers perform tasks that normally require human intelligence.
It is widely used in healthcare, finance, education, and transportation systems.
The technology improves accuracy and reduces manual effort in many operations.
Most systems use data, algorithms, and computing power to achieve better results.
Beginners often learn the basic models before moving to advanced techniques.
Real-world applications include recommendation systems and predictive analytics.
The field continues to grow because organizations want faster and smarter solutions.
Developers also focus on improving efficiency, reliability, and scalability.
Ethical use and responsible development are important considerations in this area.
Understanding Natural Language Processing helps beginners build stronger knowledge in modern AI systems.","language model, text analysis, tokenization, sentiment analysis, NLP, translation"
53,Why is Neural Networks important in real-world applications? (Scenario 53),"Neural Networks allows machines to analyze information and identify useful patterns.
It helps businesses automate repetitive and time-consuming tasks effectively.
The process usually starts with collecting and preparing high-quality data.
Algorithms then learn from examples to make predictions or classifications.
The technology can improve productivity and reduce operational costs.
Many companies apply it in customer support, security, and analytics.
Understanding model performance is important for building reliable systems.
Experts also monitor fairness and transparency during development.
Continuous learning and updates help systems remain accurate over time.
Understanding Neural Networks helps beginners build stronger knowledge in modern AI systems.","activation function, network layers, neurons, training, backpropagation, weights"
54,Explain the working process of Data Science. (Scenario 54),"The main purpose of Data Science is to solve complex problems using intelligent methods.
It combines mathematical models, programming, and data analysis techniques.
Many systems rely on training data to improve performance automatically.
The technology is useful for recognizing images, speech, and text.
Engineers test and evaluate models before deploying them into production.
Good quality data often leads to more accurate and stable predictions.
Organizations use these systems to support faster business decisions.
Security, privacy, and bias management are also important concerns.
As technology evolves, researchers continue to develop more efficient approaches.
Understanding Data Science helps beginners build stronger knowledge in modern AI systems.","statistics, insights, business intelligence, data analysis, data cleaning, visualization"
55,What are the main advantages of Generative AI? (Scenario 55),"The concept of Generative AI helps computers perform tasks that normally require human intelligence.
It is widely used in healthcare, finance, education, and transportation systems.
The technology improves accuracy and reduces manual effort in many operations.
Most systems use data, algorithms, and computing power to achieve better results.
Beginners often learn the basic models before moving to advanced techniques.
Real-world applications include recommendation systems and predictive analytics.
The field continues to grow because organizations want faster and smarter solutions.
Developers also focus on improving efficiency, reliability, and scalability.
Ethical use and responsible development are important considerations in this area.
Understanding Generative AI helps beginners build stronger knowledge in modern AI systems.","creativity, content creation, transformers, LLMs, image generation, prompt engineering"
56,How is AI Ethics used in industry today? (Scenario 56),"AI Ethics allows machines to analyze information and identify useful patterns.
It helps businesses automate repetitive and time-consuming tasks effectively.
The process usually starts with collecting and preparing high-quality data.
Algorithms then learn from examples to make predictions or classifications.
The technology can improve productivity and reduce operational costs.
Many companies apply it in customer support, security, and analytics.
Understanding model performance is important for building reliable systems.
Experts also monitor fairness and transparency during development.
Continuous learning and updates help systems remain accurate over time.
Understanding AI Ethics helps beginners build stronger knowledge in modern AI systems.","governance, responsible AI, bias, transparency, privacy, fairness"
57,What challenges are associated with Automation? (Scenario 57),"The main purpose of Automation is to solve complex problems using intelligent methods.
It combines mathematical models, programming, and data analysis techniques.
Many systems rely on training data to improve performance automatically.
The technology is useful for recognizing images, speech, and text.
Engineers test and evaluate models before deploying them into production.
Good quality data often leads to more accurate and stable predictions.
Organizations use these systems to support faster business decisions.
Security, privacy, and bias management are also important concerns.
As technology evolves, researchers continue to develop more efficient approaches.
Understanding Automation helps beginners build stronger knowledge in modern AI systems.","efficiency, workflow automation, RPA, smart systems, productivity, automation tools"
58,How does Computer Vision support intelligent automation? (Scenario 58),"The concept of Computer Vision helps computers perform tasks that normally require human intelligence.
It is widely used in healthcare, finance, education, and transportation systems.
The technology improves accuracy and reduces manual effort in many operations.
Most systems use data, algorithms, and computing power to achieve better results.
Beginners often learn the basic models before moving to advanced techniques.
Real-world applications include recommendation systems and predictive analytics.
The field continues to grow because organizations want faster and smarter solutions.
Developers also focus on improving efficiency, reliability, and scalability.
Ethical use and responsible development are important considerations in this area.
Understanding Computer Vision helps beginners build stronger knowledge in modern AI systems.","image recognition, object detection, video analysis, segmentation, visual data, CNN"
59,What are the core components of Python for AI? (Scenario 59),"Python for AI allows machines to analyze information and identify useful patterns.
It helps businesses automate repetitive and time-consuming tasks effectively.
The process usually starts with collecting and preparing high-quality data.
Algorithms then learn from examples to make predictions or classifications.
The technology can improve productivity and reduce operational costs.
Many companies apply it in customer support, security, and analytics.
Understanding model performance is important for building reliable systems.
Experts also monitor fairness and transparency during development.
Continuous learning and updates help systems remain accurate over time.
Understanding Python for AI helps beginners build stronger knowledge in modern AI systems.","AI libraries, TensorFlow, Pandas, NumPy, PyTorch, Python"
60,Why do developers use AI Applications in AI projects? (Scenario 60),"The main purpose of AI Applications is to solve complex problems using intelligent methods.
It combines mathematical models, programming, and data analysis techniques.
Many systems rely on training data to improve performance automatically.
The technology is useful for recognizing images, speech, and text.
Engineers test and evaluate models before deploying them into production.
Good quality data often leads to more accurate and stable predictions.
Organizations use these systems to support faster business decisions.
Security, privacy, and bias management are also important concerns.
As technology evolves, researchers continue to develop more efficient approaches.
Understanding AI Applications helps beginners build stronger knowledge in modern AI systems.","education, finance AI, smart assistants, analytics, healthcare AI, recommendation systems"
61,What is the role of Artificial Intelligence in modern technology? (Scenario 61),"The concept of Artificial Intelligence helps computers perform tasks that normally require human intelligence.
It is widely used in healthcare, finance, education, and transportation systems.
The technology improves accuracy and reduces manual effort in many operations.
Most systems use data, algorithms, and computing power to achieve better results.
Beginners often learn the basic models before moving to advanced techniques.
Real-world applications include recommendation systems and predictive analytics.
The field continues to grow because organizations want faster and smarter solutions.
Developers also focus on improving efficiency, reliability, and scalability.
Ethical use and responsible development are important considerations in this area.
Understanding Artificial Intelligence helps beginners build stronger knowledge in modern AI systems.","reasoning, algorithms, AI, robotics, intelligent systems, automation"
62,How does Machine Learning improve decision-making systems? (Scenario 62),"Machine Learning allows machines to analyze information and identify useful patterns.
It helps businesses automate repetitive and time-consuming tasks effectively.
The process usually starts with collecting and preparing high-quality data.
Algorithms then learn from examples to make predictions or classifications.
The technology can improve productivity and reduce operational costs.
Many companies apply it in customer support, security, and analytics.
Understanding model performance is important for building reliable systems.
Experts also monitor fairness and transparency during development.
Continuous learning and updates help systems remain accurate over time.
Understanding Machine Learning helps beginners build stronger knowledge in modern AI systems.","machine learning, supervised learning, prediction, classification, features, model accuracy"
63,Why is Deep Learning important in real-world applications? (Scenario 63),"The main purpose of Deep Learning is to solve complex problems using intelligent methods.
It combines mathematical models, programming, and data analysis techniques.
Many systems rely on training data to improve performance automatically.
The technology is useful for recognizing images, speech, and text.
Engineers test and evaluate models before deploying them into production.
Good quality data often leads to more accurate and stable predictions.
Organizations use these systems to support faster business decisions.
Security, privacy, and bias management are also important concerns.
As technology evolves, researchers continue to develop more efficient approaches.
Understanding Deep Learning helps beginners build stronger knowledge in modern AI systems.","deep learning, neural models, AI models, training, big data, layers"
64,Explain the working process of Natural Language Processing. (Scenario 64),"The concept of Natural Language Processing helps computers perform tasks that normally require human intelligence.
It is widely used in healthcare, finance, education, and transportation systems.
The technology improves accuracy and reduces manual effort in many operations.
Most systems use data, algorithms, and computing power to achieve better results.
Beginners often learn the basic models before moving to advanced techniques.
Real-world applications include recommendation systems and predictive analytics.
The field continues to grow because organizations want faster and smarter solutions.
Developers also focus on improving efficiency, reliability, and scalability.
Ethical use and responsible development are important considerations in this area.
Understanding Natural Language Processing helps beginners build stronger knowledge in modern AI systems.","translation, text analysis, language model, NLP, chatbots, tokenization"
65,What are the main advantages of Neural Networks? (Scenario 65),"Neural Networks allows machines to analyze information and identify useful patterns.
It helps businesses automate repetitive and time-consuming tasks effectively.
The process usually starts with collecting and preparing high-quality data.
Algorithms then learn from examples to make predictions or classifications.
The technology can improve productivity and reduce operational costs.
Many companies apply it in customer support, security, and analytics.
Understanding model performance is important for building reliable systems.
Experts also monitor fairness and transparency during development.
Continuous learning and updates help systems remain accurate over time.
Understanding Neural Networks helps beginners build stronger knowledge in modern AI systems.","activation function, weights, network layers, neurons, training, deep networks"
66,How is Data Science used in industry today? (Scenario 66),"The main purpose of Data Science is to solve complex problems using intelligent methods.
It combines mathematical models, programming, and data analysis techniques.
Many systems rely on training data to improve performance automatically.
The technology is useful for recognizing images, speech, and text.
Engineers test and evaluate models before deploying them into production.
Good quality data often leads to more accurate and stable predictions.
Organizations use these systems to support faster business decisions.
Security, privacy, and bias management are also important concerns.
As technology evolves, researchers continue to develop more efficient approaches.
Understanding Data Science helps beginners build stronger knowledge in modern AI systems.","insights, visualization, data analysis, business intelligence, statistics, data cleaning"
67,What challenges are associated with Generative AI? (Scenario 67),"The concept of Generative AI helps computers perform tasks that normally require human intelligence.
It is widely used in healthcare, finance, education, and transportation systems.
The technology improves accuracy and reduces manual effort in many operations.
Most systems use data, algorithms, and computing power to achieve better results.
Beginners often learn the basic models before moving to advanced techniques.
Real-world applications include recommendation systems and predictive analytics.
The field continues to grow because organizations want faster and smarter solutions.
Developers also focus on improving efficiency, reliability, and scalability.
Ethical use and responsible development are important considerations in this area.
Understanding Generative AI helps beginners build stronger knowledge in modern AI systems.","prompt engineering, creativity, LLMs, transformers, image generation, content creation"
68,How does AI Ethics support intelligent automation? (Scenario 68),"AI Ethics allows machines to analyze information and identify useful patterns.
It helps businesses automate repetitive and time-consuming tasks effectively.
The process usually starts with collecting and preparing high-quality data.
Algorithms then learn from examples to make predictions or classifications.
The technology can improve productivity and reduce operational costs.
Many companies apply it in customer support, security, and analytics.
Understanding model performance is important for building reliable systems.
Experts also monitor fairness and transparency during development.
Continuous learning and updates help systems remain accurate over time.
Understanding AI Ethics helps beginners build stronger knowledge in modern AI systems.","security, privacy, transparency, fairness, governance, bias"
69,What are the core components of Automation? (Scenario 69),"The main purpose of Automation is to solve complex problems using intelligent methods.
It combines mathematical models, programming, and data analysis techniques.
Many systems rely on training data to improve performance automatically.
The technology is useful for recognizing images, speech, and text.
Engineers test and evaluate models before deploying them into production.
Good quality data often leads to more accurate and stable predictions.
Organizations use these systems to support faster business decisions.
Security, privacy, and bias management are also important concerns.
As technology evolves, researchers continue to develop more efficient approaches.
Understanding Automation helps beginners build stronger knowledge in modern AI systems.","RPA, workflow automation, efficiency, productivity, automation tools, smart systems"
70,Why do developers use Computer Vision in AI projects? (Scenario 70),"The concept of Computer Vision helps computers perform tasks that normally require human intelligence.
It is widely used in healthcare, finance, education, and transportation systems.
The technology improves accuracy and reduces manual effort in many operations.
Most systems use data, algorithms, and computing power to achieve better results.
Beginners often learn the basic models before moving to advanced techniques.
Real-world applications include recommendation systems and predictive analytics.
The field continues to grow because organizations want faster and smarter solutions.
Developers also focus on improving efficiency, reliability, and scalability.
Ethical use and responsible development are important considerations in this area.
Understanding Computer Vision helps beginners build stronger knowledge in modern AI systems.","visual data, video analysis, object detection, pattern recognition, CNN, segmentation"
71,What is the role of Python for AI in modern technology? (Scenario 71),"Python for AI allows machines to analyze information and identify useful patterns.
It helps businesses automate repetitive and time-consuming tasks effectively.
The process usually starts with collecting and preparing high-quality data.
Algorithms then learn from examples to make predictions or classifications.
The technology can improve productivity and reduce operational costs.
Many companies apply it in customer support, security, and analytics.
Understanding model performance is important for building reliable systems.
Experts also monitor fairness and transparency during development.
Continuous learning and updates help systems remain accurate over time.
Understanding Python for AI helps beginners build stronger knowledge in modern AI systems.","PyTorch, TensorFlow, automation, Pandas, NumPy, Python"
72,How does AI Applications improve decision-making systems? (Scenario 72),"The main purpose of AI Applications is to solve complex problems using intelligent methods.
It combines mathematical models, programming, and data analysis techniques.
Many systems rely on training data to improve performance automatically.
The technology is useful for recognizing images, speech, and text.
Engineers test and evaluate models before deploying them into production.
Good quality data often leads to more accurate and stable predictions.
Organizations use these systems to support faster business decisions.
Security, privacy, and bias management are also important concerns.
As technology evolves, researchers continue to develop more efficient approaches.
Understanding AI Applications helps beginners build stronger knowledge in modern AI systems.","education, industry, smart assistants, healthcare AI, analytics, recommendation systems"
73,Why is Artificial Intelligence important in real-world applications? (Scenario 73),"The concept of Artificial Intelligence helps computers perform tasks that normally require human intelligence.
It is widely used in healthcare, finance, education, and transportation systems.
The technology improves accuracy and reduces manual effort in many operations.
Most systems use data, algorithms, and computing power to achieve better results.
Beginners often learn the basic models before moving to advanced techniques.
Real-world applications include recommendation systems and predictive analytics.
The field continues to grow because organizations want faster and smarter solutions.
Developers also focus on improving efficiency, reliability, and scalability.
Ethical use and responsible development are important considerations in this area.
Understanding Artificial Intelligence helps beginners build stronger knowledge in modern AI systems.","decision making, intelligent systems, robotics, AI, reasoning, algorithms"
74,Explain the working process of Machine Learning. (Scenario 74),"Machine Learning allows machines to analyze information and identify useful patterns.
It helps businesses automate repetitive and time-consuming tasks effectively.
The process usually starts with collecting and preparing high-quality data.
Algorithms then learn from examples to make predictions or classifications.
The technology can improve productivity and reduce operational costs.
Many companies apply it in customer support, security, and analytics.
Understanding model performance is important for building reliable systems.
Experts also monitor fairness and transparency during development.
Continuous learning and updates help systems remain accurate over time.
Understanding Machine Learning helps beginners build stronger knowledge in modern AI systems.","prediction, model accuracy, machine learning, training data, features, classification"
75,What are the main advantages of Deep Learning? (Scenario 75),"The main purpose of Deep Learning is to solve complex problems using intelligent methods.
It combines mathematical models, programming, and data analysis techniques.
Many systems rely on training data to improve performance automatically.
The technology is useful for recognizing images, speech, and text.
Engineers test and evaluate models before deploying them into production.
Good quality data often leads to more accurate and stable predictions.
Organizations use these systems to support faster business decisions.
Security, privacy, and bias management are also important concerns.
As technology evolves, researchers continue to develop more efficient approaches.
Understanding Deep Learning helps beginners build stronger knowledge in modern AI systems.","big data, training, layers, AI models, feature extraction, deep learning"
76,How is Natural Language Processing used in industry today? (Scenario 76),"The concept of Natural Language Processing helps computers perform tasks that normally require human intelligence.
It is widely used in healthcare, finance, education, and transportation systems.
The technology improves accuracy and reduces manual effort in many operations.
Most systems use data, algorithms, and computing power to achieve better results.
Beginners often learn the basic models before moving to advanced techniques.
Real-world applications include recommendation systems and predictive analytics.
The field continues to grow because organizations want faster and smarter solutions.
Developers also focus on improving efficiency, reliability, and scalability.
Ethical use and responsible development are important considerations in this area.
Understanding Natural Language Processing helps beginners build stronger knowledge in modern AI systems.","sentiment analysis, translation, text analysis, NLP, tokenization, chatbots"
77,What challenges are associated with Neural Networks? (Scenario 77),"Neural Networks allows machines to analyze information and identify useful patterns.
It helps businesses automate repetitive and time-consuming tasks effectively.
The process usually starts with collecting and preparing high-quality data.
Algorithms then learn from examples to make predictions or classifications.
The technology can improve productivity and reduce operational costs.
Many companies apply it in customer support, security, and analytics.
Understanding model performance is important for building reliable systems.
Experts also monitor fairness and transparency during development.
Continuous learning and updates help systems remain accurate over time.
Understanding Neural Networks helps beginners build stronger knowledge in modern AI systems.","weights, deep networks, backpropagation, training, activation function, neurons"
78,How does Data Science support intelligent automation? (Scenario 78),"The main purpose of Data Science is to solve complex problems using intelligent methods.
It combines mathematical models, programming, and data analysis techniques.
Many systems rely on training data to improve performance automatically.
The technology is useful for recognizing images, speech, and text.
Engineers test and evaluate models before deploying them into production.
Good quality data often leads to more accurate and stable predictions.
Organizations use these systems to support faster business decisions.
Security, privacy, and bias management are also important concerns.
As technology evolves, researchers continue to develop more efficient approaches.
Understanding Data Science helps beginners build stronger knowledge in modern AI systems.","analytics, data cleaning, visualization, business intelligence, insights, statistics"
79,What are the core components of Generative AI? (Scenario 79),"The concept of Generative AI helps computers perform tasks that normally require human intelligence.
It is widely used in healthcare, finance, education, and transportation systems.
The technology improves accuracy and reduces manual effort in many operations.
Most systems use data, algorithms, and computing power to achieve better results.
Beginners often learn the basic models before moving to advanced techniques.
Real-world applications include recommendation systems and predictive analytics.
The field continues to grow because organizations want faster and smarter solutions.
Developers also focus on improving efficiency, reliability, and scalability.
Ethical use and responsible development are important considerations in this area.
Understanding Generative AI helps beginners build stronger knowledge in modern AI systems.","LLMs, transformers, content creation, prompt engineering, image generation, generative AI"
80,Why do developers use AI Ethics in AI projects? (Scenario 80),"AI Ethics allows machines to analyze information and identify useful patterns.
It helps businesses automate repetitive and time-consuming tasks effectively.
The process usually starts with collecting and preparing high-quality data.
Algorithms then learn from examples to make predictions or classifications.
The technology can improve productivity and reduce operational costs.
Many companies apply it in customer support, security, and analytics.
Understanding model performance is important for building reliable systems.
Experts also monitor fairness and transparency during development.
Continuous learning and updates help systems remain accurate over time.
Understanding AI Ethics helps beginners build stronger knowledge in modern AI systems.","bias, privacy, transparency, fairness, responsible AI, security"
81,What is the role of Automation in modern technology? (Scenario 81),"The main purpose of Automation is to solve complex problems using intelligent methods.
It combines mathematical models, programming, and data analysis techniques.
Many systems rely on training data to improve performance automatically.
The technology is useful for recognizing images, speech, and text.
Engineers test and evaluate models before deploying them into production.
Good quality data often leads to more accurate and stable predictions.
Organizations use these systems to support faster business decisions.
Security, privacy, and bias management are also important concerns.
As technology evolves, researchers continue to develop more efficient approaches.
Understanding Automation helps beginners build stronger knowledge in modern AI systems.","efficiency, workflow automation, RPA, automation tools, smart systems, productivity"
82,How does Computer Vision improve decision-making systems? (Scenario 82),"The concept of Computer Vision helps computers perform tasks that normally require human intelligence.
It is widely used in healthcare, finance, education, and transportation systems.
The technology improves accuracy and reduces manual effort in many operations.
Most systems use data, algorithms, and computing power to achieve better results.
Beginners often learn the basic models before moving to advanced techniques.
Real-world applications include recommendation systems and predictive analytics.
The field continues to grow because organizations want faster and smarter solutions.
Developers also focus on improving efficiency, reliability, and scalability.
Ethical use and responsible development are important considerations in this area.
Understanding Computer Vision helps beginners build stronger knowledge in modern AI systems.","visual data, image recognition, object detection, segmentation, CNN, video analysis"
83,Why is Python for AI important in real-world applications? (Scenario 83),"Python for AI allows machines to analyze information and identify useful patterns.
It helps businesses automate repetitive and time-consuming tasks effectively.
The process usually starts with collecting and preparing high-quality data.
Algorithms then learn from examples to make predictions or classifications.
The technology can improve productivity and reduce operational costs.
Many companies apply it in customer support, security, and analytics.
Understanding model performance is important for building reliable systems.
Experts also monitor fairness and transparency during development.
Continuous learning and updates help systems remain accurate over time.
Understanding Python for AI helps beginners build stronger knowledge in modern AI systems.","TensorFlow, PyTorch, Python, NumPy, Pandas, AI libraries"
84,Explain the working process of AI Applications. (Scenario 84),"The main purpose of AI Applications is to solve complex problems using intelligent methods.
It combines mathematical models, programming, and data analysis techniques.
Many systems rely on training data to improve performance automatically.
The technology is useful for recognizing images, speech, and text.
Engineers test and evaluate models before deploying them into production.
Good quality data often leads to more accurate and stable predictions.
Organizations use these systems to support faster business decisions.
Security, privacy, and bias management are also important concerns.
As technology evolves, researchers continue to develop more efficient approaches.
Understanding AI Applications helps beginners build stronger knowledge in modern AI systems.","healthcare AI, analytics, smart assistants, industry, finance AI, education"
85,What are the main advantages of Artificial Intelligence? (Scenario 85),"The concept of Artificial Intelligence helps computers perform tasks that normally require human intelligence.
It is widely used in healthcare, finance, education, and transportation systems.
The technology improves accuracy and reduces manual effort in many operations.
Most systems use data, algorithms, and computing power to achieve better results.
Beginners often learn the basic models before moving to advanced techniques.
Real-world applications include recommendation systems and predictive analytics.
The field continues to grow because organizations want faster and smarter solutions.
Developers also focus on improving efficiency, reliability, and scalability.
Ethical use and responsible development are important considerations in this area.
Understanding Artificial Intelligence helps beginners build stronger knowledge in modern AI systems.","reasoning, algorithms, decision making, intelligent systems, AI, automation"
86,How is Machine Learning used in industry today? (Scenario 86),"Machine Learning allows machines to analyze information and identify useful patterns.
It helps businesses automate repetitive and time-consuming tasks effectively.
The process usually starts with collecting and preparing high-quality data.
Algorithms then learn from examples to make predictions or classifications.
The technology can improve productivity and reduce operational costs.
Many companies apply it in customer support, security, and analytics.
Understanding model performance is important for building reliable systems.
Experts also monitor fairness and transparency during development.
Continuous learning and updates help systems remain accurate over time.
Understanding Machine Learning helps beginners build stronger knowledge in modern AI systems.","model accuracy, prediction, supervised learning, machine learning, features, classification"
87,What challenges are associated with Deep Learning? (Scenario 87),"The main purpose of Deep Learning is to solve complex problems using intelligent methods.
It combines mathematical models, programming, and data analysis techniques.
Many systems rely on training data to improve performance automatically.
The technology is useful for recognizing images, speech, and text.
Engineers test and evaluate models before deploying them into production.
Good quality data often leads to more accurate and stable predictions.
Organizations use these systems to support faster business decisions.
Security, privacy, and bias management are also important concerns.
As technology evolves, researchers continue to develop more efficient approaches.
Understanding Deep Learning helps beginners build stronger knowledge in modern AI systems.","layers, training, AI models, neural models, deep learning, big data"
88,How does Natural Language Processing support intelligent automation? (Scenario 88),"The concept of Natural Language Processing helps computers perform tasks that normally require human intelligence.
It is widely used in healthcare, finance, education, and transportation systems.
The technology improves accuracy and reduces manual effort in many operations.
Most systems use data, algorithms, and computing power to achieve better results.
Beginners often learn the basic models before moving to advanced techniques.
Real-world applications include recommendation systems and predictive analytics.
The field continues to grow because organizations want faster and smarter solutions.
Developers also focus on improving efficiency, reliability, and scalability.
Ethical use and responsible development are important considerations in this area.
Understanding Natural Language Processing helps beginners build stronger knowledge in modern AI systems.","translation, sentiment analysis, language model, text analysis, NLP, chatbots"
89,What are the core components of Neural Networks? (Scenario 89),"Neural Networks allows machines to analyze information and identify useful patterns.
It helps businesses automate repetitive and time-consuming tasks effectively.
The process usually starts with collecting and preparing high-quality data.
Algorithms then learn from examples to make predictions or classifications.
The technology can improve productivity and reduce operational costs.
Many companies apply it in customer support, security, and analytics.
Understanding model performance is important for building reliable systems.
Experts also monitor fairness and transparency during development.
Continuous learning and updates help systems remain accurate over time.
Understanding Neural Networks helps beginners build stronger knowledge in modern AI systems.","network layers, training, backpropagation, activation function, weights, deep networks"
90,Why do developers use Data Science in AI projects? (Scenario 90),"The main purpose of Data Science is to solve complex problems using intelligent methods.
It combines mathematical models, programming, and data analysis techniques.
Many systems rely on training data to improve performance automatically.
The technology is useful for recognizing images, speech, and text.
Engineers test and evaluate models before deploying them into production.
Good quality data often leads to more accurate and stable predictions.
Organizations use these systems to support faster business decisions.
Security, privacy, and bias management are also important concerns.
As technology evolves, researchers continue to develop more efficient approaches.
Understanding Data Science helps beginners build stronger knowledge in modern AI systems.","data cleaning, statistics, visualization, analytics, insights, business intelligence"
91,What is the role of Generative AI in modern technology? (Scenario 91),"The concept of Generative AI helps computers perform tasks that normally require human intelligence.
It is widely used in healthcare, finance, education, and transportation systems.
The technology improves accuracy and reduces manual effort in many operations.
Most systems use data, algorithms, and computing power to achieve better results.
Beginners often learn the basic models before moving to advanced techniques.
Real-world applications include recommendation systems and predictive analytics.
The field continues to grow because organizations want faster and smarter solutions.
Developers also focus on improving efficiency, reliability, and scalability.
Ethical use and responsible development are important considerations in this area.
Understanding Generative AI helps beginners build stronger knowledge in modern AI systems.","prompt engineering, generative AI, content creation, image generation, creativity, transformers"
92,How does AI Ethics improve decision-making systems? (Scenario 92),"AI Ethics allows machines to analyze information and identify useful patterns.
It helps businesses automate repetitive and time-consuming tasks effectively.
The process usually starts with collecting and preparing high-quality data.
Algorithms then learn from examples to make predictions or classifications.
The technology can improve productivity and reduce operational costs.
Many companies apply it in customer support, security, and analytics.
Understanding model performance is important for building reliable systems.
Experts also monitor fairness and transparency during development.
Continuous learning and updates help systems remain accurate over time.
Understanding AI Ethics helps beginners build stronger knowledge in modern AI systems.","privacy, fairness, security, bias, responsible AI, governance"
93,Why is Automation important in real-world applications? (Scenario 93),"The main purpose of Automation is to solve complex problems using intelligent methods.
It combines mathematical models, programming, and data analysis techniques.
Many systems rely on training data to improve performance automatically.
The technology is useful for recognizing images, speech, and text.
Engineers test and evaluate models before deploying them into production.
Good quality data often leads to more accurate and stable predictions.
Organizations use these systems to support faster business decisions.
Security, privacy, and bias management are also important concerns.
As technology evolves, researchers continue to develop more efficient approaches.
Understanding Automation helps beginners build stronger knowledge in modern AI systems.","smart systems, workflow automation, productivity, RPA, optimization, automation tools"
94,Explain the working process of Computer Vision. (Scenario 94),"The concept of Computer Vision helps computers perform tasks that normally require human intelligence.
It is widely used in healthcare, finance, education, and transportation systems.
The technology improves accuracy and reduces manual effort in many operations.
Most systems use data, algorithms, and computing power to achieve better results.
Beginners often learn the basic models before moving to advanced techniques.
Real-world applications include recommendation systems and predictive analytics.
The field continues to grow because organizations want faster and smarter solutions.
Developers also focus on improving efficiency, reliability, and scalability.
Ethical use and responsible development are important considerations in this area.
Understanding Computer Vision helps beginners build stronger knowledge in modern AI systems.","image recognition, CNN, visual data, object detection, video analysis, segmentation"
95,What are the main advantages of Python for AI? (Scenario 95),"Python for AI allows machines to analyze information and identify useful patterns.
It helps businesses automate repetitive and time-consuming tasks effectively.
The process usually starts with collecting and preparing high-quality data.
Algorithms then learn from examples to make predictions or classifications.
The technology can improve productivity and reduce operational costs.
Many companies apply it in customer support, security, and analytics.
Understanding model performance is important for building reliable systems.
Experts also monitor fairness and transparency during development.
Continuous learning and updates help systems remain accurate over time.
Understanding Python for AI helps beginners build stronger knowledge in modern AI systems.","Pandas, TensorFlow, Python, PyTorch, automation, AI libraries"
96,How is AI Applications used in industry today? (Scenario 96),"The main purpose of AI Applications is to solve complex problems using intelligent methods.
It combines mathematical models, programming, and data analysis techniques.
Many systems rely on training data to improve performance automatically.
The technology is useful for recognizing images, speech, and text.
Engineers test and evaluate models before deploying them into production.
Good quality data often leads to more accurate and stable predictions.
Organizations use these systems to support faster business decisions.
Security, privacy, and bias management are also important concerns.
As technology evolves, researchers continue to develop more efficient approaches.
Understanding AI Applications helps beginners build stronger knowledge in modern AI systems.","industry, analytics, education, healthcare AI, finance AI, recommendation systems"
97,What challenges are associated with Artificial Intelligence? (Scenario 97),"The concept of Artificial Intelligence helps computers perform tasks that normally require human intelligence.
It is widely used in healthcare, finance, education, and transportation systems.
The technology improves accuracy and reduces manual effort in many operations.
Most systems use data, algorithms, and computing power to achieve better results.
Beginners often learn the basic models before moving to advanced techniques.
Real-world applications include recommendation systems and predictive analytics.
The field continues to grow because organizations want faster and smarter solutions.
Developers also focus on improving efficiency, reliability, and scalability.
Ethical use and responsible development are important considerations in this area.
Understanding Artificial Intelligence helps beginners build stronger knowledge in modern AI systems.","robotics, reasoning, intelligent systems, AI, algorithms, automation"
98,How does Machine Learning support intelligent automation? (Scenario 98),"Machine Learning allows machines to analyze information and identify useful patterns.
It helps businesses automate repetitive and time-consuming tasks effectively.
The process usually starts with collecting and preparing high-quality data.
Algorithms then learn from examples to make predictions or classifications.
The technology can improve productivity and reduce operational costs.
Many companies apply it in customer support, security, and analytics.
Understanding model performance is important for building reliable systems.
Experts also monitor fairness and transparency during development.
Continuous learning and updates help systems remain accurate over time.
Understanding Machine Learning helps beginners build stronger knowledge in modern AI systems.","training data, prediction, classification, machine learning, model accuracy, features"
99,What are the core components of Deep Learning? (Scenario 99),"The main purpose of Deep Learning is to solve complex problems using intelligent methods.
It combines mathematical models, programming, and data analysis techniques.
Many systems rely on training data to improve performance automatically.
The technology is useful for recognizing images, speech, and text.
Engineers test and evaluate models before deploying them into production.
Good quality data often leads to more accurate and stable predictions.
Organizations use these systems to support faster business decisions.
Security, privacy, and bias management are also important concerns.
As technology evolves, researchers continue to develop more efficient approaches.
Understanding Deep Learning helps beginners build stronger knowledge in modern AI systems.","feature extraction, deep learning, neural models, layers, AI models, training"
100,Why do developers use Natural Language Processing in AI projects? (Scenario 100),"The concept of Natural Language Processing helps computers perform tasks that normally require human intelligence.
It is widely used in healthcare, finance, education, and transportation systems.
The technology improves accuracy and reduces manual effort in many operations.
Most systems use data, algorithms, and computing power to achieve better results.
Beginners often learn the basic models before moving to advanced techniques.
Real-world applications include recommendation systems and predictive analytics.
The field continues to grow because organizations want faster and smarter solutions.
Developers also focus on improving efficiency, reliability, and scalability.
Ethical use and responsible development are important considerations in this area.
Understanding Natural Language Processing helps beginners build stronger knowledge in modern AI systems.","translation, language model, text analysis, sentiment analysis, NLP, chatbots"